ruleId,sourceFile,ruleClass,cwes,iso5055Measures,mappingStrength,analyserAdoptable,nativeEvaluability
ACL-01,acl/anti-corruption-layer.rules.json,architecture-decision,,,none,no,native-handler
ACL-02,acl/anti-corruption-layer.rules.json,architecture-decision,,,none,no,native-handler
ACL-03,acl/anti-corruption-layer.rules.json,architecture-decision,,,none,no,native-handler
ACL-04,acl/anti-corruption-layer.rules.json,architecture-decision,,,none,no,native-handler
ACL-05,acl/anti-corruption-layer.rules.json,architecture-decision,,,none,no,native-handler
ACL-06,acl/anti-corruption-layer.rules.json,architecture-decision,,,none,no,native-handler
HXA-01,adr/adr-0002-hexagonal-architecture.rules.json,code-structure,CWE-1054,Maintainability,partial,yes,native-handler
HXA-02,adr/adr-0002-hexagonal-architecture.rules.json,code-structure,CWE-1054,Maintainability,partial,yes,native-handler
HXA-03,adr/adr-0002-hexagonal-architecture.rules.json,code-structure,CWE-1054,Maintainability,partial,yes,unimplemented-native
HXA-04,adr/adr-0002-hexagonal-architecture.rules.json,code-structure,CWE-1054 CWE-1047,Maintainability,direct,yes,native-handler
HXA-05,adr/adr-0002-hexagonal-architecture.rules.json,code-structure,,,none,partial,native-handler
HXA-06,adr/adr-0002-hexagonal-architecture.rules.json,code-structure,,,none,no,unimplemented-native
HXA-07,adr/adr-0002-hexagonal-architecture.rules.json,code-structure,,,none,no,needs-runtime
CICD-01,adr/adr-0005-cicd-quality-gates.rules.json,process,,,none,partial,unimplemented-native
CICD-02,adr/adr-0005-cicd-quality-gates.rules.json,process,,,none,partial,unimplemented-native
CICD-03,adr/adr-0005-cicd-quality-gates.rules.json,process,,,none,yes,needs-external-system
CICD-04,adr/adr-0005-cicd-quality-gates.rules.json,process,,,none,no,needs-external-system
CICD-05,adr/adr-0005-cicd-quality-gates.rules.json,process,,,none,no,unimplemented-native
CICD-06,adr/adr-0005-cicd-quality-gates.rules.json,process,,,none,no,needs-external-system
CICD-07,adr/adr-0005-cicd-quality-gates.rules.json,process,,,none,no,needs-external-system
MTN-01,adr/adr-0010-multi-tenancy.rules.json,architecture-decision,CWE-1057,Performance Efficiency Security,partial,partial,unimplemented-native
MTN-02,adr/adr-0010-multi-tenancy.rules.json,architecture-decision,CWE-1057,Performance Efficiency Security,partial,no,needs-external-system
MTN-03,adr/adr-0010-multi-tenancy.rules.json,architecture-decision,,,none,no,unimplemented-native
MTN-04,adr/adr-0010-multi-tenancy.rules.json,architecture-decision,CWE-732,Security,partial,no,needs-runtime
MTN-05,adr/adr-0010-multi-tenancy.rules.json,architecture-decision,,,none,no,native-handler
MTN-06,adr/adr-0010-multi-tenancy.rules.json,architecture-decision,,,none,no,needs-runtime
MTN-07,adr/adr-0010-multi-tenancy.rules.json,architecture-decision,,,none,no,unimplemented-native
MTN-08,adr/adr-0010-multi-tenancy.rules.json,architecture-decision,,,none,no,unimplemented-native
TPY-01,adr/adr-0018-testing-pyramid.rules.json,process,,,none,no,needs-runtime
TPY-02,adr/adr-0018-testing-pyramid.rules.json,process,,,none,no,needs-runtime
TPY-03,adr/adr-0018-testing-pyramid.rules.json,process,,,none,no,unimplemented-native
TPY-04,adr/adr-0018-testing-pyramid.rules.json,process,,,none,no,unimplemented-native
TPY-05,adr/adr-0018-testing-pyramid.rules.json,process,,,none,no,needs-runtime
TPY-06,adr/adr-0018-testing-pyramid.rules.json,process,,,none,no,unimplemented-native
TPY-07,adr/adr-0018-testing-pyramid.rules.json,process,,,none,no,needs-runtime
PROT-01,adr/adr-0032-protocol-selection.rules.json,architecture-decision,,,none,no,needs-runtime
PROT-02,adr/adr-0032-protocol-selection.rules.json,architecture-decision,,,none,no,unimplemented-native
PROT-03,adr/adr-0032-protocol-selection.rules.json,architecture-decision,,,none,no,documentation-only
PROT-04,adr/adr-0032-protocol-selection.rules.json,architecture-decision,,,none,no,unimplemented-native
PROT-05,adr/adr-0032-protocol-selection.rules.json,architecture-decision,,,none,no,unimplemented-native
PROT-06,adr/adr-0032-protocol-selection.rules.json,architecture-decision,,,none,no,documentation-only
PROT-07,adr/adr-0032-protocol-selection.rules.json,architecture-decision,,,none,no,unimplemented-native
RUNT-01,adr/adr-0040-multi-runtime.rules.json,architecture-decision,,,none,no,unimplemented-native
RUNT-02,adr/adr-0040-multi-runtime.rules.json,architecture-decision,,,none,no,unimplemented-native
RUNT-03,adr/adr-0040-multi-runtime.rules.json,architecture-decision,,,none,no,unimplemented-native
RUNT-04,adr/adr-0040-multi-runtime.rules.json,architecture-decision,,,none,no,unimplemented-native
RUNT-05,adr/adr-0040-multi-runtime.rules.json,architecture-decision,,,none,no,unimplemented-native
RUNT-06,adr/adr-0040-multi-runtime.rules.json,architecture-decision,,,none,no,unimplemented-native
RUNT-07,adr/adr-0040-multi-runtime.rules.json,architecture-decision,,,none,no,unimplemented-native
RUNT-08,adr/adr-0040-multi-runtime.rules.json,architecture-decision,,,none,no,unimplemented-native
GIT-01,adr/adr-0050-gitflow-branching.rules.json,process,,,none,yes,needs-external-system
GIT-02,adr/adr-0050-gitflow-branching.rules.json,process,,,none,no,needs-external-system
GIT-03,adr/adr-0050-gitflow-branching.rules.json,process,,,none,no,needs-external-system
GIT-04,adr/adr-0050-gitflow-branching.rules.json,process,,,none,yes,needs-external-system
GIT-05,adr/adr-0050-gitflow-branching.rules.json,process,,,none,no,needs-external-system
GIT-06,adr/adr-0050-gitflow-branching.rules.json,process,,,none,no,needs-external-system
GIT-07,adr/adr-0050-gitflow-branching.rules.json,process,,,none,no,needs-external-system
GIT-08,adr/adr-0050-gitflow-branching.rules.json,process,,,none,yes,native-handler
GIT-09,adr/adr-0050-gitflow-branching.rules.json,process,,,none,no,needs-external-system
GIT-10,adr/adr-0050-gitflow-branching.rules.json,process,,,none,no,needs-external-system
CORE-0001-01,adr/generated/adr-0001-monorepo-orchestration-principle.rules.json,architecture-decision,,,none,no,documentation-only
CORE-0006-01,adr/generated/adr-0006-microservices-transition-via-sidecar-pattern.rules.json,architecture-decision,,,none,no,documentation-only
CORE-0009-01,adr/generated/adr-0009-strict-dependency-pinning-and-automated-vulnerability-manage.rules.json,architecture-decision,,,none,yes,documentation-only
CORE-0011-01,adr/generated/adr-0011-fault-tolerance-and-resiliency-patterns.rules.json,architecture-decision,CWE-703 CWE-390,Reliability,partial,partial,documentation-only
CORE-0013-01,adr/generated/adr-0013-cloud-infrastructure-topology-and-disaster-recovery-dr.rules.json,architecture-decision,,,none,no,documentation-only
CORE-0014-01,adr/generated/adr-0014-multi-layer-distributed-caching-strategy.rules.json,architecture-decision,CWE-1049 CWE-1067,Maintainability Performance Efficiency,partial,partial,documentation-only
CORE-0015-01,adr/generated/adr-0015-event-driven-architecture-eda-for-intra-domain-communication.rules.json,architecture-decision,,,none,no,documentation-only
CORE-0016-01,adr/generated/adr-0016-immutable-business-audit-trail-and-change-tracking.rules.json,architecture-decision,,,none,no,documentation-only
CORE-0017-01,adr/generated/adr-0017-feature-flagging-strategy-for-progressive-delivery.rules.json,architecture-decision,,,none,no,documentation-only
CORE-0019-01,adr/generated/adr-0019-tactical-design-patterns-for-future-proofing.rules.json,architecture-decision,,,none,no,documentation-only
CORE-0020-01,adr/generated/adr-0020-identity-provider-abstraction-strategy.rules.json,architecture-decision,,,none,no,documentation-only
CORE-0024-01,adr/generated/adr-0024-centralized-configuration-feature-platform.rules.json,architecture-decision,,,none,no,documentation-only
CORE-0025-01,adr/generated/adr-0025-feature-flag-provider-abstraction-strategy.rules.json,architecture-decision,,,none,no,documentation-only
CORE-0028-01,adr/generated/adr-0028-self-hosted-open-source-hybrid-infrastructure.rules.json,architecture-decision,,,none,no,documentation-only
CORE-0030-01,adr/generated/adr-0030-two-tier-distributed-gateway-model.rules.json,architecture-decision,,,none,no,documentation-only
CORE-0031-01,adr/generated/adr-0031-schema-per-bounded-context-and-domain-event-catalog.rules.json,architecture-decision,,,none,no,documentation-only
CORE-0033-01,adr/generated/adr-0033-transactional-outbox-pattern-for-async-messaging.rules.json,architecture-decision,,,none,no,documentation-only
CORE-0034-01,adr/generated/adr-0034-cqrs-pattern-application-matrix.rules.json,architecture-decision,,,none,no,documentation-only
CORE-0035-01,adr/generated/adr-0035-distributed-saga-pattern-implementation-strategy.rules.json,architecture-decision,,,none,no,documentation-only
CORE-0036-01,adr/generated/adr-0036-message-bus-delivery-flow-control-strategy.rules.json,architecture-decision,,,none,no,documentation-only
CORE-0037-01,adr/generated/adr-0037-enterprise-performance-concurrency-chaos-verification-strate.rules.json,architecture-decision,CWE-407 CWE-1050,Maintainability Performance Efficiency,partial,partial,documentation-only
CORE-0039-01,adr/generated/adr-0039-deployment-topology-abstraction-environment-switcher.rules.json,architecture-decision,,,none,no,documentation-only
CORE-0041-01,adr/generated/adr-0041-dual-engine-policy-evaluation-native-opa.rules.json,architecture-decision,,,none,no,documentation-only
CORE-0044-01,adr/generated/adr-0044-configurable-security-persistence-strategy-agnosticism-vs-na.rules.json,architecture-decision,,,none,no,documentation-only
CORE-0045-01,adr/generated/adr-0045-microservice-extraction-readiness-criteria.rules.json,architecture-decision,,,none,no,documentation-only
CORE-0046-01,adr/generated/adr-0046-unified-traceability-via-w3c-tracecontext.rules.json,architecture-decision,,,none,no,documentation-only
CORE-0047-01,adr/generated/adr-0047-progressive-architecture-evolution-framework-modular-monolit.rules.json,architecture-decision,,,none,no,documentation-only
CORE-0048-01,adr/generated/adr-0048-enterprise-taxonomy-standardization-and-reference-layout.rules.json,architecture-decision,,,none,no,documentation-only
CORE-0049-01,adr/generated/adr-0049-naming-semantics-clean-code-policy-e2e-and-global.rules.json,architecture-decision,,,none,yes,documentation-only
CORE-0051-01,adr/generated/adr-0051-enterprise-database-engine-selection-strategy.rules.json,architecture-decision,,,none,no,documentation-only
CORE-0052-01,adr/generated/adr-0052-unit-testing-isolation-strategy-mocks-vs-stubs.rules.json,architecture-decision,,,none,no,documentation-only
CORE-0053-01,adr/generated/adr-0053-integration-and-e2e-testing-strategy.rules.json,architecture-decision,,,none,no,documentation-only
CORE-0054-01,adr/generated/adr-0054-database-design-and-normalization-standards.rules.json,architecture-decision,,,none,no,documentation-only
CORE-0055-01,adr/generated/adr-0055-microfrontends-architecture-strategy.rules.json,architecture-decision,,,none,no,documentation-only
CORE-0056-01,adr/generated/adr-0056-enterprise-naming-design-conventions-multi-language-multi-pl.rules.json,architecture-decision,,,none,yes,documentation-only
CORE-0057-01,adr/generated/adr-0057-architecture-intelligence-catalog.rules.json,architecture-decision,,,none,no,documentation-only
CORE-0058-01,adr/generated/adr-0058-ai-consumable-architecture-knowledge.rules.json,architecture-decision,,,none,no,documentation-only
CORE-0067-01,adr/generated/adr-0067-modular-monolith-persistence-boundaries.rules.json,architecture-decision,,,none,no,documentation-only
CORE-0068-01,adr/generated/adr-0068-documentation-release-gitflow.rules.json,architecture-decision,,,none,no,documentation-only
CORE-0069-01,adr/generated/adr-0069-ai-agent-context-protocol-integration.rules.json,architecture-decision,,,none,no,documentation-only
CORE-0070-01,adr/generated/adr-0070-lean-root-repository-taxonomy.rules.json,architecture-decision,,,none,no,documentation-only
CORE-0071-01,adr/generated/adr-0071-domain-layer-base-class-and-inheritance-strategy.rules.json,architecture-decision,CWE-1074 CWE-1086,Maintainability,partial,partial,documentation-only
CORE-0072-01,adr/generated/adr-0072-utc-date-storage-browser-timezone-detection-and-language-res.rules.json,architecture-decision,,,none,no,documentation-only
CORE-0073-01,adr/generated/adr-0073-unified-cli-mcp-output-contract-and-gate-evidence-schema.rules.json,architecture-decision,,,none,no,documentation-only
CORE-0074-01,adr/generated/adr-0074-evolith-core-api-native-exposure-layer.rules.json,architecture-decision,,,none,no,documentation-only
CORE-0075-01,adr/generated/adr-0075-core-api-authentication-strategy.rules.json,architecture-decision,,,none,no,documentation-only
CORE-0076-01,adr/generated/adr-0076-domain-oriented-microservice-architecture-doma.rules.json,architecture-decision,,,none,no,documentation-only
CORE-0077-01,adr/generated/adr-0077-masstransit-v9-commercial-pivot-stay-on-v8-monitor-opentrans.rules.json,architecture-decision,,,none,no,documentation-only
CORE-0078-01,adr/generated/adr-0078-domain-financial-separation-governance.rules.json,architecture-decision,,,none,no,documentation-only
CORE-0079-01,adr/generated/adr-0079-multi-topology-reference-corpus-and-topology-manifest-contra.rules.json,architecture-decision,,,none,no,documentation-only
CORE-0080-01,adr/generated/adr-0080-remote-repository-reference-contract.rules.json,architecture-decision,,,none,no,documentation-only
CORE-0081-01,adr/generated/adr-0081-agentic-ai-sandbox-isolation-boundary.rules.json,architecture-decision,,,none,no,documentation-only
CORE-0082-01,adr/generated/adr-0082-agentic-ai-prompt-context-and-tool-trust-boundary.rules.json,architecture-decision,,,none,no,documentation-only
CORE-0083-01,adr/generated/adr-0083-agentic-ai-action-authorization-and-audit.rules.json,architecture-decision,,,none,no,documentation-only
CORE-0084-01,adr/generated/adr-0084-data-mesh-and-data-as-a-product.rules.json,architecture-decision,,,none,no,documentation-only
CORE-0085-01,adr/generated/adr-0085-agnostic-opa-wasm-distribution-architecture.rules.json,architecture-decision,,,none,no,documentation-only
CORE-0086-01,adr/generated/adr-0086-agentic-ai-telemetry-cost-control-standard.rules.json,architecture-decision,,,none,no,documentation-only
CORE-0087-01,adr/generated/adr-0087-attribute-based-access-control-abac-for-agentic-tool-executi.rules.json,architecture-decision,CWE-732,Security,partial,no,documentation-only
CORE-0088-01,adr/generated/adr-0088-sovereign-identity-for-agentic-ai.rules.json,architecture-decision,,,none,no,documentation-only
CORE-0089-01,adr/generated/adr-0089-event-driven-agentic-workflow-pattern.rules.json,architecture-decision,,,none,no,documentation-only
CORE-0090-01,adr/generated/adr-0090-rag-knowledge-governance-standard.rules.json,architecture-decision,,,none,no,documentation-only
CORE-0091-01,adr/generated/adr-0091-workload-identity-token-rotation-standard.rules.json,architecture-decision,CWE-798,Security,partial,partial,documentation-only
CORE-0092-01,adr/generated/adr-0092-agent-infinite-loop-prevention-and-circuit-breaker-rules.rules.json,architecture-decision,CWE-835,Reliability Security,partial,yes,documentation-only
CORE-0093-01,adr/generated/adr-0093-concurrency-control-and-resource-locking-standard-for-mcp-to.rules.json,architecture-decision,CWE-667,Reliability Security,partial,yes,documentation-only
CORE-0094-01,adr/generated/adr-0094-multi-agent-handoff-and-task-delegation-standards.rules.json,architecture-decision,,,none,no,documentation-only
CORE-0095-01,adr/generated/adr-0095-serverless-architecture-governance.rules.json,architecture-decision,,,none,no,documentation-only
CORE-0096-01,adr/generated/adr-0096-edge-computing-architecture-governance.rules.json,architecture-decision,,,none,no,documentation-only
CORE-0097-01,adr/generated/adr-0097-knowledge-lifecycle-governance-standard.rules.json,architecture-decision,,,none,no,documentation-only
CORE-0098-01,adr/generated/adr-0098-rest-uri-versioning-and-deprecation-policy.rules.json,architecture-decision,,,none,no,documentation-only
CORE-0099-01,adr/generated/adr-0099-opa-bundle-distribution-via-s3-minio.rules.json,architecture-decision,,,none,no,documentation-only
CORE-0100-01,adr/generated/adr-0100-governance-execution-boundary-producto-and-iniciativa-as-pri.rules.json,architecture-decision,,,none,no,documentation-only
CORE-0101-01,adr/generated/adr-0101-evolith-core-as-a-stateless-evaluation-engine.rules.json,architecture-decision,,,none,no,documentation-only
CORE-0102-01,adr/generated/adr-0102-evolith-agent-runtime-as-a-decoupled-agentic-layer.rules.json,architecture-decision,,,none,no,documentation-only
CORE-0103-01,adr/generated/adr-0103-architecture-planning-gate-as-pre-discovery-intake.rules.json,architecture-decision,,,none,no,documentation-only
CORE-0104-01,adr/generated/adr-0104-topology-driven-advisory-design-phase-governance-blueprint-a.rules.json,architecture-decision,,,none,no,documentation-only
CORE-0105-01,adr/generated/adr-0105-okf-as-the-portable-projection-of-the-knowledge-os.rules.json,architecture-decision,,,none,no,documentation-only
CORE-0106-01,adr/generated/adr-0106-master-tenant-and-context-projections.rules.json,architecture-decision,,,none,no,documentation-only
CORE-0107-01,adr/generated/adr-0107-single-cluster-kubernetes-deployment-topology-for-the-evolit.rules.json,architecture-decision,,,none,no,documentation-only
CORE-0108-01,adr/generated/adr-0108-masstransit-owns-the-message-topology-broker-crds-are-rbac-o.rules.json,architecture-decision,,,none,no,documentation-only
CORE-0109-01,adr/generated/adr-0109-multi-project-satellite-governance-monorepo-satellites.rules.json,architecture-decision,,,none,no,documentation-only
CORE-0110-01,adr/generated/adr-0110-stay-on-masstransit-v8-apache-2-0-v9-is-commercial-and-non-s.rules.json,architecture-decision,,,none,no,documentation-only
CORE-0111-01,adr/generated/adr-0111-quality-signal-provider-port-external-evidence-via-adapters.rules.json,architecture-decision,,,none,no,documentation-only
CORE-0112-01,adr/generated/adr-0112-rag-embedding-vector-store-platform-qwen3-embedding-on-pgvec.rules.json,architecture-decision,,,none,no,documentation-only
CORE-0113-01,adr/generated/adr-0113-node-js-platform-lighthouse-apache-2-0-as-the-reference-evid.rules.json,architecture-decision,,,none,no,documentation-only
CORE-0115-01,adr/generated/adr-0115-emergent-knowledge-axis-knowledge-originated-by-applying-the.rules.json,architecture-decision,,,none,no,documentation-only
CORE-0116-01,adr/generated/adr-0116-canonical-finding-contract-and-an-executable-advisory-author.rules.json,architecture-decision,,,none,no,documentation-only
CORE-0117-01,adr/generated/adr-0117-bilingual-parity-applies-to-authored-sources-not-generated-p.rules.json,architecture-decision,,,none,no,documentation-only
CORE-0118-01,adr/generated/adr-0118-the-core-hub-has-its-own-root-taxonomy-distinct-from-satelli.rules.json,architecture-decision,,,none,no,documentation-only
CORE-0119-01,adr/generated/adr-0119-api-security-configuration-hardening.rules.json,architecture-decision,,,none,no,documentation-only
CORE-0120-01,adr/generated/adr-0120-ssrf-prevention-standard.rules.json,architecture-decision,,,none,no,documentation-only
CORE-0121-01,adr/generated/adr-0121-input-validation-and-sanitization-standard.rules.json,architecture-decision,,,none,no,documentation-only
CORE-0122-01,adr/generated/adr-0122-shell-execution-safety-standard.rules.json,architecture-decision,,,none,no,documentation-only
CORE-0123-01,adr/generated/adr-0123-timing-safe-comparison-standard.rules.json,architecture-decision,,,none,no,documentation-only
CORE-0124-01,adr/generated/adr-0124-credential-and-secret-management-standard.rules.json,architecture-decision,,,none,no,documentation-only
CORE-0125-01,adr/generated/adr-0125-a-single-artifact-registry-keyed-by-slug.rules.json,architecture-decision,,,none,no,documentation-only
AI-0001-01,adr/generated/adr-ai-augmented-0001-harness-engineering-for-ai-augmented-development.rules.json,architecture-decision,,,none,no,documentation-only
AI-0002-01,adr/generated/adr-ai-augmented-0002-mcp-integration-protocol-for-agent-tool-invocation.rules.json,architecture-decision,,,none,no,documentation-only
AI-0003-01,adr/generated/adr-ai-augmented-0003-model-selection-governance-for-ai-augmented-workflows.rules.json,architecture-decision,,,none,no,documentation-only
AI-0004-01,adr/generated/adr-ai-augmented-0004-agents-md-as-mandatory-repository-artifact.rules.json,architecture-decision,,,none,no,documentation-only
AI-0005-01,adr/generated/adr-ai-augmented-0005-human-in-the-loop-policy-for-autonomous-agent-operations.rules.json,architecture-decision,,,none,no,documentation-only
AI-0104-01,adr/generated/adr-ai-augmented-0104-interaction-adapter-port-for-evolith-agent-runtime.rules.json,architecture-decision,,,none,no,documentation-only
AND-0042-01,adr/generated/adr-android-0042-canonical-android-native-mobile-architecture.rules.json,architecture-decision,,,none,no,documentation-only
DOT-0041-01,adr/generated/adr-dotnet-0041-canonical-net-c-backend-architecture.rules.json,architecture-decision,,,none,no,documentation-only
DOT-0060-01,adr/generated/adr-dotnet-0060-net-multi-tenancy-dual-layer-strategy-ef-core-sql-server.rules.json,architecture-decision,,,none,no,documentation-only
DOT-0061-01,adr/generated/adr-dotnet-0061-transactional-event-lifecycle-in-ef-core.rules.json,architecture-decision,,,none,no,documentation-only
DOT-0062-01,adr/generated/adr-dotnet-0062-net-immutable-audit-trail-via-ddl-triggers-delta-capture.rules.json,architecture-decision,,,none,no,documentation-only
DOT-0063-01,adr/generated/adr-dotnet-0063-b2b-request-idempotency-middleware-in-asp-net-core.rules.json,architecture-decision,,,none,no,documentation-only
DOT-0064-01,adr/generated/adr-dotnet-0064-net-request-scope-observability-context-propagation.rules.json,architecture-decision,,,none,no,documentation-only
DOT-0065-01,adr/generated/adr-dotnet-0065-net-pii-safe-structured-logging-pipeline-serilog.rules.json,architecture-decision,,,none,partial,documentation-only
DOT-0066-01,adr/generated/adr-dotnet-0066-net-lightweight-http-idempotency-via-imemorycache-idistribut.rules.json,architecture-decision,,,none,no,documentation-only
DOT-0069-01,adr/generated/adr-dotnet-0069-net-grpc-service-setup-protobuf-contracts.rules.json,architecture-decision,,,none,no,documentation-only
DOT-0070-01,adr/generated/adr-dotnet-0070-net-api-endpoint-strategy.rules.json,architecture-decision,,,none,no,documentation-only
DOT-0071-01,adr/generated/adr-dotnet-0071-net-data-access-strategy-ef-core-as-default-orm-dapper-for-o.rules.json,architecture-decision,,,none,no,documentation-only
DOT-0072-01,adr/generated/adr-dotnet-0072-net-aop-cross-cutting-concern-strategy-dispatchproxy-over-pi.rules.json,architecture-decision,,,none,no,documentation-only
NODE-0003-01,adr/generated/adr-nodejs-0003-strict-typescript-standards.rules.json,architecture-decision,,,none,yes,documentation-only
NODE-0004-01,adr/generated/adr-nodejs-0004-frontend-offline-resilience.rules.json,architecture-decision,,,none,no,documentation-only
NODE-0007-01,adr/generated/adr-nodejs-0007-observability-with-opentelemetry-loki-and-jaeger.rules.json,architecture-decision,,,none,no,documentation-only
NODE-0008-01,adr/generated/adr-nodejs-0008-progressive-multi-module-evolution-with-api-gateway-and-bff-.rules.json,architecture-decision,,,none,no,documentation-only
NODE-0012-01,adr/generated/adr-nodejs-0012-advanced-authorization-rbac-abac-strategy.rules.json,architecture-decision,,,none,no,documentation-only
NODE-0021-01,adr/generated/adr-nodejs-0021-high-performance-authentication-graph-compilation.rules.json,architecture-decision,,,none,no,documentation-only
NODE-0022-01,adr/generated/adr-nodejs-0022-contextual-authentication-and-pluggable-output-projections.rules.json,architecture-decision,,,none,no,documentation-only
NODE-0023-01,adr/generated/adr-nodejs-0023-centralized-authorization-core-strategy.rules.json,architecture-decision,,,none,no,documentation-only
NODE-0026-01,adr/generated/adr-nodejs-0026-adaptive-mfa-and-passwordless-platform.rules.json,architecture-decision,,,none,no,documentation-only
NODE-0027-01,adr/generated/adr-nodejs-0027-dual-protocol-api-strategy-rest-grpc.rules.json,architecture-decision,,,none,no,documentation-only
NODE-0029-01,adr/generated/adr-nodejs-0029-adoption-of-tactical-ddd-primitives-library.rules.json,architecture-decision,,,none,no,documentation-only
NODE-0038-01,adr/generated/adr-nodejs-0038-enterprise-error-handling-result-pattern-strategy.rules.json,architecture-decision,CWE-390 CWE-703,Reliability,partial,partial,documentation-only
NODE-0043-01,adr/generated/adr-nodejs-0043-data-access-and-orm-strategy-for-node-js.rules.json,architecture-decision,,,none,no,documentation-only
NODE-0044-01,adr/generated/adr-nodejs-0044-frontend-clean-architecture-layer-boundaries-react.rules.json,architecture-decision,,,none,no,documentation-only
NODE-0045-01,adr/generated/adr-nodejs-0045-frontend-state-management-zustand-tanstack-query-dual-strate.rules.json,architecture-decision,,,none,no,documentation-only
NODE-0046-01,adr/generated/adr-nodejs-0046-prohibition-of-raw-technical-identifiers-in-user-interfaces.rules.json,architecture-decision,,,none,no,documentation-only
NODE-0047-01,adr/generated/adr-nodejs-0047-actionable-user-error-contract-and-correlated-diagnostics.rules.json,architecture-decision,,,none,no,documentation-only
NODE-0048-01,adr/generated/adr-nodejs-0048-feature-flag-system-scope-and-structured-criteria-model.rules.json,architecture-decision,,,none,no,documentation-only
NODE-0074-01,adr/generated/adr-nodejs-0074-monorepo-orchestration-with-nx.rules.json,architecture-decision,,,none,no,documentation-only
NODE-0075-01,adr/generated/adr-nodejs-0075-application-gateway-bff-with-nestjs.rules.json,architecture-decision,,,none,no,documentation-only
CLI-PAR-01,cli/core-parity.rules.json,platform-surface,,,none,no,unimplemented-native
CLI-PAR-02,cli/core-parity.rules.json,platform-surface,,,none,no,unimplemented-native
CLI-PAR-03,cli/core-parity.rules.json,platform-surface,,,none,no,needs-runtime
CLI-PAR-04,cli/core-parity.rules.json,platform-surface,,,none,no,unimplemented-native
CLI-EXIT-01,cli/exit-code-taxonomy.rules.json,platform-surface,,,none,no,native-handler
CLI-EXIT-02,cli/exit-code-taxonomy.rules.json,platform-surface,,,none,no,native-handler
CLI-EXIT-03,cli/exit-code-taxonomy.rules.json,platform-surface,,,none,no,native-handler
CLI-RR-01,cli/release-readiness.rules.json,platform-surface,,,none,no,native-handler
CLI-RR-02,cli/release-readiness.rules.json,platform-surface,,,none,no,native-handler
CLI-RR-03,cli/release-readiness.rules.json,platform-surface,,,none,no,native-handler
CLI-RR-04,cli/release-readiness.rules.json,platform-surface,,,none,no,native-handler
CLI-RR-05,cli/release-readiness.rules.json,platform-surface,,,none,no,native-handler
CB-01,cross-cutting/compliance-baseline.rules.json,governance,,,none,no,native-handler
CB-02,cross-cutting/compliance-baseline.rules.json,governance,,,none,no,native-handler
CB-03,cross-cutting/compliance-baseline.rules.json,governance,,,none,no,native-handler
CB-04,cross-cutting/compliance-baseline.rules.json,governance,,,none,no,native-handler
CB-05,cross-cutting/compliance-baseline.rules.json,governance,,,none,no,native-handler
CB-VAL-01,cross-cutting/compliance-baseline.rules.json,governance,,,none,no,native-handler
CB-VAL-02,cross-cutting/compliance-baseline.rules.json,governance,,,none,no,native-handler
DOD-01,cross-cutting/definition-of-done.rules.json,process,,,none,no,native-handler
DOD-02,cross-cutting/definition-of-done.rules.json,process,,,none,yes,native-handler
DOD-03,cross-cutting/definition-of-done.rules.json,process,,,none,no,native-handler
DOD-04,cross-cutting/definition-of-done.rules.json,process,,,none,no,native-handler
DOD-05,cross-cutting/definition-of-done.rules.json,process,,,none,no,native-handler
DOD-06,cross-cutting/definition-of-done.rules.json,process,,,none,no,native-handler
DOD-07,cross-cutting/definition-of-done.rules.json,process,,,none,no,native-handler
DOD-08,cross-cutting/definition-of-done.rules.json,process,,,none,no,native-handler
DOD-09,cross-cutting/definition-of-done.rules.json,process,,,none,yes,native-handler
DOD-10,cross-cutting/definition-of-done.rules.json,process,,,none,no,native-handler
EM-D-01,cross-cutting/engineering-manifesto.rules.json,code-structure,CWE-1041,Maintainability,direct,yes,native-handler
EM-D-02,cross-cutting/engineering-manifesto.rules.json,code-structure,CWE-1051 CWE-1052,Maintainability Reliability,partial,partial,native-handler
EM-K-01,cross-cutting/engineering-manifesto.rules.json,code-structure,CWE-1121,Maintainability,direct,yes,native-handler
EM-K-02,cross-cutting/engineering-manifesto.rules.json,code-structure,CWE-1074,Maintainability,partial,partial,native-handler
EM-S-01,cross-cutting/engineering-manifesto.rules.json,code-structure,CWE-1048 CWE-1080 CWE-1121,Maintainability,partial,yes,native-handler
EM-S-02,cross-cutting/engineering-manifesto.rules.json,code-structure,,,none,no,native-handler
EM-S-03,cross-cutting/engineering-manifesto.rules.json,code-structure,CWE-1055 CWE-1074,Maintainability,partial,partial,native-handler
EM-S-04,cross-cutting/engineering-manifesto.rules.json,code-structure,CWE-1064,Maintainability,partial,partial,native-handler
EM-S-05,cross-cutting/engineering-manifesto.rules.json,code-structure,CWE-1047,Maintainability,partial,yes,native-handler
EM-Y-01,cross-cutting/engineering-manifesto.rules.json,code-structure,CWE-561 CWE-1041,Maintainability,direct,yes,native-handler
TAX-01,cross-cutting/repository-taxonomy.rules.json,code-hygiene,,,none,yes,native-handler
TAX-02,cross-cutting/repository-taxonomy.rules.json,code-hygiene,,,none,yes,native-handler
TAX-03,cross-cutting/repository-taxonomy.rules.json,code-hygiene,,,none,yes,native-handler
TAX-04,cross-cutting/repository-taxonomy.rules.json,code-hygiene,,,none,yes,native-handler
TAX-05,cross-cutting/repository-taxonomy.rules.json,code-hygiene,,,none,no,native-handler
TAX-06,cross-cutting/repository-taxonomy.rules.json,code-hygiene,,,none,no,native-handler
TAX-07,cross-cutting/repository-taxonomy.rules.json,code-hygiene,,,none,no,native-handler
TAX-08,cross-cutting/repository-taxonomy.rules.json,code-hygiene,,,none,no,native-handler
TAX-09,cross-cutting/repository-taxonomy.rules.json,code-hygiene,,,none,no,native-handler
TAX-10,cross-cutting/repository-taxonomy.rules.json,code-hygiene,,,none,no,native-handler
TAX-11,cross-cutting/repository-taxonomy.rules.json,code-hygiene,,,none,no,native-handler
EVD-01,evidence/evidence-manifest.rules.json,governance,,,none,no,native-handler
EVD-02,evidence/evidence-manifest.rules.json,governance,,,none,no,native-handler
EVD-03,evidence/evidence-manifest.rules.json,governance,,,none,no,native-handler
EVD-04,evidence/evidence-manifest.rules.json,governance,,,none,no,native-handler
PEA-01,evidence/probabilistic-evidence-admissibility.rules.json,governance,,,none,no,native-handler
PEA-02,evidence/probabilistic-evidence-admissibility.rules.json,governance,,,none,no,native-handler
PEA-03,evidence/probabilistic-evidence-admissibility.rules.json,governance,,,none,no,native-handler
PEA-04,evidence/probabilistic-evidence-admissibility.rules.json,governance,,,none,no,native-handler
ABAC-01,governance/abac-mcp-access.rules.json,governance,CWE-732,Security,partial,no,needs-runtime
ABAC-02,governance/abac-mcp-access.rules.json,governance,,,none,no,needs-runtime
ABAC-03,governance/abac-mcp-access.rules.json,governance,,,none,no,needs-runtime
DORA-01,governance/executive-scorecards.rules.json,governance,,,none,no,native-handler
DORA-02,governance/executive-scorecards.rules.json,governance,,,none,no,native-handler
DORA-03,governance/executive-scorecards.rules.json,governance,,,none,no,native-handler
DORA-04,governance/executive-scorecards.rules.json,governance,,,none,no,native-handler
DRIFT-01,governance/executive-scorecards.rules.json,governance,,,none,no,native-handler
SPACE-01,governance/executive-scorecards.rules.json,governance,,,none,no,native-handler
SPACE-02,governance/executive-scorecards.rules.json,governance,,,none,no,native-handler
SPACE-03,governance/executive-scorecards.rules.json,governance,,,none,no,native-handler
SPACE-04,governance/executive-scorecards.rules.json,governance,,,none,no,native-handler
SPACE-05,governance/executive-scorecards.rules.json,governance,,,none,no,native-handler
INH-01,governance/inheritance.rules.json,governance,,,none,no,native-handler
INH-02,governance/inheritance.rules.json,governance,,,none,no,native-handler
INH-03,governance/inheritance.rules.json,governance,,,none,no,underspecified
INH-04,governance/inheritance.rules.json,governance,,,none,no,underspecified
INH-05,governance/inheritance.rules.json,governance,,,none,no,underspecified
INH-06,governance/inheritance.rules.json,governance,,,none,no,native-handler
KI-R01,governance/knowledge-intake.rules.json,governance,,,none,no,underspecified
KI-R02,governance/knowledge-intake.rules.json,governance,,,none,no,underspecified
KI-R03,governance/knowledge-intake.rules.json,governance,,,none,no,underspecified
KI-R04,governance/knowledge-intake.rules.json,governance,,,none,no,underspecified
KI-R05,governance/knowledge-intake.rules.json,governance,,,none,no,underspecified
KI-R06,governance/knowledge-intake.rules.json,governance,,,none,no,underspecified
KI-R07,governance/knowledge-intake.rules.json,governance,,,none,no,underspecified
OCB-01,governance/open-core-boundary.rules.json,governance,,,none,no,native-handler
OCB-02,governance/open-core-boundary.rules.json,governance,,,none,no,unimplemented-native
OCB-03,governance/open-core-boundary.rules.json,governance,,,none,no,unimplemented-native
OCB-04,governance/open-core-boundary.rules.json,governance,,,none,no,unimplemented-native
OCB-05,governance/open-core-boundary.rules.json,governance,,,none,no,unimplemented-native
OCB-06,governance/open-core-boundary.rules.json,governance,,,none,no,unimplemented-native
OCB-07,governance/open-core-boundary.rules.json,governance,,,none,no,documentation-only
OCB-08,governance/open-core-boundary.rules.json,governance,,,none,no,needs-runtime
SVC-01,governance/satellite-contracts.rules.json,governance,,,none,no,native-handler
SVC-02,governance/satellite-contracts.rules.json,governance,,,none,no,native-handler
SVC-03,governance/satellite-contracts.rules.json,governance,,,none,no,native-handler
SVC-04,governance/satellite-contracts.rules.json,governance,,,none,no,native-handler
SVC-05,governance/satellite-contracts.rules.json,governance,,,none,no,native-handler
SVC-06,governance/satellite-contracts.rules.json,governance,,,none,no,native-handler
INFRA-001,infrastructure/helm-enforcement.rules.json,deployment,,,none,no,not-in-snapshot
INFRA-OPA-001,infrastructure/opa-sidecar-bundle.rules.json,deployment,,,none,no,not-in-snapshot
MCP-01,mcp/protocol-compliance.rules.json,platform-surface,,,none,no,native-handler
MCP-02,mcp/protocol-compliance.rules.json,platform-surface,,,none,no,native-handler
MCP-03,mcp/protocol-compliance.rules.json,platform-surface,,,none,no,native-handler
MCP-04,mcp/protocol-compliance.rules.json,platform-surface,,,none,no,native-handler
MCP-05,mcp/protocol-compliance.rules.json,platform-surface,,,none,no,native-handler
OBS-EVD-01,observability/telemetry-evidence.rules.json,operations,,,none,no,needs-runtime
OBS-EVD-02,observability/telemetry-evidence.rules.json,operations,,,none,no,needs-runtime
OBS-EVD-03,observability/telemetry-evidence.rules.json,operations,,,none,no,needs-external-system
OBS-EVD-04,observability/telemetry-evidence.rules.json,operations,,,none,no,unimplemented-native
DEP-01,sdlc/dependency-pinning.rules.json,supply-chain,,,none,yes,native-handler
DEP-02,sdlc/dependency-pinning.rules.json,supply-chain,,,none,yes,native-handler
DEP-03,sdlc/dependency-pinning.rules.json,supply-chain,,,none,yes,native-handler
DEP-04,sdlc/dependency-pinning.rules.json,supply-chain,,,none,yes,native-handler
DEP-05,sdlc/dependency-pinning.rules.json,supply-chain,,,none,no,native-handler
DEP-06,sdlc/dependency-pinning.rules.json,supply-chain,,,none,yes,native-handler
DEP-07,sdlc/dependency-pinning.rules.json,supply-chain,,,none,yes,native-handler
DEP-08,sdlc/dependency-pinning.rules.json,supply-chain,,,none,no,native-handler
DEP-09,sdlc/dependency-pinning.rules.json,supply-chain,,,none,yes,native-handler
DEP-10,sdlc/dependency-pinning.rules.json,supply-chain,,,none,no,native-handler
QT-01,sdlc/quality-thresholds.rules.json,code-hygiene,,,none,yes,native-handler
QT-02,sdlc/quality-thresholds.rules.json,code-hygiene,CWE-1121,Maintainability,direct,yes,native-handler
QT-03,sdlc/quality-thresholds.rules.json,code-hygiene,CWE-22 CWE-78 CWE-89 CWE-79 CWE-798 CWE-732,Security,partial,yes,native-handler
QT-04,sdlc/quality-thresholds.rules.json,code-hygiene,,,none,yes,native-handler
QT-05,sdlc/quality-thresholds.rules.json,code-hygiene,,,none,no,native-handler
QT-06,sdlc/quality-thresholds.rules.json,code-hygiene,,,none,no,native-handler
QT-07,sdlc/quality-thresholds.rules.json,code-hygiene,,,none,no,native-handler
QT-08,sdlc/quality-thresholds.rules.json,code-hygiene,,,none,partial,native-handler
SEC-INJ-01,security/injection-prevention.rules.json,code-structure,CWE-78 CWE-77,Security,direct,yes,unimplemented-native
SEC-INJ-02,security/injection-prevention.rules.json,code-structure,CWE-77 CWE-88,Security,partial,partial,unimplemented-native
SEC-PATH-01,security/path-containment.rules.json,code-structure,CWE-22 CWE-23 CWE-36,Security,direct,yes,unimplemented-native
SEC-PATH-02,security/path-containment.rules.json,code-structure,CWE-22,Security,direct,yes,unimplemented-native
SEC-RL-01,security/rate-limiting.rules.json,code-structure,,,none,partial,native-handler
SEC-RL-02,security/rate-limiting.rules.json,code-structure,CWE-789,Security,partial,partial,native-handler
SEC-RL-03,security/rate-limiting.rules.json,code-structure,,,none,no,unimplemented-native
SEC-TIMING-01,security/timing-safe-comparison.rules.json,code-structure,,,none,yes,unimplemented-native
SEC-TIMING-02,security/timing-safe-comparison.rules.json,code-structure,,,none,partial,unimplemented-native
ISO5055-MAINT,standards/iso-5055.rules.json,international-standard,,,none,yes,unimplemented-native
ISO5055-PERF,standards/iso-5055.rules.json,international-standard,,,none,yes,unimplemented-native
ISO5055-REL,standards/iso-5055.rules.json,international-standard,,,none,yes,unimplemented-native
ISO5055-SEC,standards/iso-5055.rules.json,international-standard,,,none,yes,unimplemented-native
SLSA-AUTH-L2,standards/slsa-v1.rules.json,international-standard,,,none,no,native-handler
SLSA-BUILD-L1,standards/slsa-v1.rules.json,international-standard,,,none,no,native-handler
SLSA-HOSTED-L2,standards/slsa-v1.rules.json,international-standard,,,none,no,native-handler
SLSA-PROV-L1,standards/slsa-v1.rules.json,international-standard,,,none,no,native-handler
SSDF-PO.3.1,standards/ssdf-v1.1.rules.json,international-standard,,,none,no,native-handler
SSDF-PS.3.2,standards/ssdf-v1.1.rules.json,international-standard,,,none,no,native-handler
SSDF-PW.4.1,standards/ssdf-v1.1.rules.json,international-standard,,,none,no,native-handler
SSDF-PW.4.4,standards/ssdf-v1.1.rules.json,international-standard,,,none,no,native-handler
SSDF-PW.6.1,standards/ssdf-v1.1.rules.json,international-standard,,,none,no,native-handler
SSDF-PW.7.2,standards/ssdf-v1.1.rules.json,international-standard,,,none,no,native-handler
SSDF-RV.1.2,standards/ssdf-v1.1.rules.json,international-standard,,,none,no,native-handler
SSDF-RV.1.3,standards/ssdf-v1.1.rules.json,international-standard,,,none,no,native-handler
AAI-R01,topologies/agentic-ai/agentic-ai.rules.json,topology,,,none,no,native-handler
AAI-R02,topologies/agentic-ai/agentic-ai.rules.json,topology,,,none,no,native-handler
AAI-R03,topologies/agentic-ai/agentic-ai.rules.json,topology,,,none,no,native-handler
AAI-R04,topologies/agentic-ai/agentic-ai.rules.json,topology,,,none,no,native-handler
AAI-R05,topologies/agentic-ai/agentic-ai.rules.json,topology,,,none,no,native-handler
AAI-R06,topologies/agentic-ai/agentic-ai.rules.json,topology,,,none,no,native-handler
AAI-R07,topologies/agentic-ai/agentic-ai.rules.json,topology,,,none,no,native-handler
AAI-R08,topologies/agentic-ai/agentic-ai.rules.json,topology,,,none,no,native-handler
AAI-R09,topologies/agentic-ai/agentic-ai.rules.json,topology,CWE-798,Security,partial,partial,native-handler
DAM-R01,topologies/data-mesh/data-mesh.rules.json,topology,,,none,no,native-handler
DAM-R02,topologies/data-mesh/data-mesh.rules.json,topology,,,none,no,native-handler
DAM-R03,topologies/data-mesh/data-mesh.rules.json,topology,,,none,no,native-handler
DAM-R04,topologies/data-mesh/data-mesh.rules.json,topology,,,none,no,needs-external-system
DAM-R05,topologies/data-mesh/data-mesh.rules.json,topology,,,none,no,native-handler
DAM-R06,topologies/data-mesh/data-mesh.rules.json,topology,,,none,no,needs-external-system
DAM-R07,topologies/data-mesh/data-mesh.rules.json,topology,,,none,no,native-handler
DAM-R08,topologies/data-mesh/data-mesh.rules.json,topology,,,none,no,unimplemented-native
DAM-R09,topologies/data-mesh/data-mesh.rules.json,topology,,,none,no,needs-external-system
EC-R01,topologies/edge-computing/edge-computing.rules.json,topology,,,none,no,native-handler
EC-R02,topologies/edge-computing/edge-computing.rules.json,topology,,,none,no,native-handler
EC-R03,topologies/edge-computing/edge-computing.rules.json,topology,,,none,no,native-handler
EC-SEC-01,topologies/edge-computing/edge-computing.rules.json,topology,,,none,no,underspecified
EC-SEC-02,topologies/edge-computing/edge-computing.rules.json,topology,,,none,no,underspecified
ED-R01,topologies/event-driven/event-driven.rules.json,topology,,,none,no,native-handler
ED-R02,topologies/event-driven/event-driven.rules.json,topology,,,none,no,native-handler
ED-R03,topologies/event-driven/event-driven.rules.json,topology,,,none,no,native-handler
ED-R04,topologies/event-driven/event-driven.rules.json,topology,,,none,no,native-handler
ED-R05,topologies/event-driven/event-driven.rules.json,topology,,,none,no,native-handler
ED-R06,topologies/event-driven/event-driven.rules.json,topology,,,none,no,native-handler
ED-R07,topologies/event-driven/event-driven.rules.json,topology,,,none,no,unimplemented-native
ED-R08,topologies/event-driven/event-driven.rules.json,topology,,,none,no,native-handler
ED-R09,topologies/event-driven/event-driven.rules.json,topology,,,none,no,unimplemented-native
DM-R01,topologies/progressive-axis/distributed-modules/distributed-modules.rules.json,topology,,,none,no,native-handler
DM-R02,topologies/progressive-axis/distributed-modules/distributed-modules.rules.json,topology,,,none,no,native-handler
DM-R03,topologies/progressive-axis/distributed-modules/distributed-modules.rules.json,topology,,,none,no,native-handler
DM-R04,topologies/progressive-axis/distributed-modules/distributed-modules.rules.json,topology,,,none,no,native-handler
DM-R05,topologies/progressive-axis/distributed-modules/distributed-modules.rules.json,topology,,,none,no,native-handler
DM-R06,topologies/progressive-axis/distributed-modules/distributed-modules.rules.json,topology,,,none,no,unimplemented-native
DM-R07,topologies/progressive-axis/distributed-modules/distributed-modules.rules.json,topology,,,none,no,unimplemented-native
DM-R08,topologies/progressive-axis/distributed-modules/distributed-modules.rules.json,topology,,,none,no,native-handler
MS-R01,topologies/progressive-axis/microservices/microservices.rules.json,topology,,,none,no,unimplemented-native
MS-R02,topologies/progressive-axis/microservices/microservices.rules.json,topology,,,none,no,needs-external-system
MS-R03,topologies/progressive-axis/microservices/microservices.rules.json,topology,,,none,no,needs-runtime
MS-R04,topologies/progressive-axis/microservices/microservices.rules.json,topology,,,none,no,needs-runtime
MS-R05,topologies/progressive-axis/microservices/microservices.rules.json,topology,,,none,no,unimplemented-native
MS-R06,topologies/progressive-axis/microservices/microservices.rules.json,topology,,,none,no,unimplemented-native
MS-R07,topologies/progressive-axis/microservices/microservices.rules.json,topology,,,none,no,native-handler
MS-R08,topologies/progressive-axis/microservices/microservices.rules.json,topology,,,none,no,needs-external-system
MM-R01,topologies/progressive-axis/modular-monolith/modular-monolith.rules.json,topology,,,none,no,native-handler
MM-R02,topologies/progressive-axis/modular-monolith/modular-monolith.rules.json,topology,,,none,no,native-handler
MM-R03,topologies/progressive-axis/modular-monolith/modular-monolith.rules.json,topology,,,none,no,native-handler
MM-R04,topologies/progressive-axis/modular-monolith/modular-monolith.rules.json,topology,,,none,no,native-handler
MM-R05,topologies/progressive-axis/modular-monolith/modular-monolith.rules.json,topology,,,none,no,native-handler
MM-R06,topologies/progressive-axis/modular-monolith/modular-monolith.rules.json,topology,,,none,no,native-handler
MM-R07,topologies/progressive-axis/modular-monolith/modular-monolith.rules.json,topology,,,none,no,native-handler
MM-R08,topologies/progressive-axis/modular-monolith/modular-monolith.rules.json,topology,,,none,no,native-handler
MM-R09,topologies/progressive-axis/modular-monolith/modular-monolith.rules.json,topology,CWE-1047,Maintainability,partial,yes,native-handler
MM-R10,topologies/progressive-axis/modular-monolith/modular-monolith.rules.json,topology,,,none,yes,native-handler
MM-R11,topologies/progressive-axis/modular-monolith/modular-monolith.rules.json,topology,,,none,no,native-handler
MM-R12,topologies/progressive-axis/modular-monolith/modular-monolith.rules.json,topology,CWE-1090,Maintainability,partial,partial,native-handler
SV-R01,topologies/serverless/serverless.rules.json,topology,,,none,no,native-handler
SV-R02,topologies/serverless/serverless.rules.json,topology,CWE-1042,Performance Efficiency,partial,partial,native-handler
SV-R03,topologies/serverless/serverless.rules.json,topology,,,none,no,native-handler
SV-R04,topologies/serverless/serverless.rules.json,topology,,,none,no,native-handler
SV-SEC-01,topologies/serverless/serverless.rules.json,topology,,,none,no,underspecified
SV-SEC-02,topologies/serverless/serverless.rules.json,topology,,,none,no,underspecified
